{"cameraMode":{"drawMode":0,"name":"Shaded","section":"Shading Mode"},"sceneLighting":false,"audioPlay":false,"sceneViewState":{"m_AlwaysRefresh":false,"showFog":false,"showSkybox":false,"showFlares":false,"showImageEffects":false,"showParticleSystems":false,"showVisualEffectGraphs":true,"m_FxEnabled":true},"in2DMode":false,"pivot":{"x":-0.03787091374397278,"y":0.7505536079406738,"z":0.055842846632003787},"rotation":{"x":0.2594810128211975,"y":0.36099356412887576,"z":-0.1052684634923935,"w":0.8895584940910339},"size":1.016843318939209,"orthographic":false}